{"learner":{"attributes":{"scikit_learn":"{\"_estimator_type\": \"regressor\"}"},"feature_names":[],"feature_types":[],"gradient_booster":{"model":{"cats":{"enc":[],"feature_segments":[],"sorted_idx":[]},"gbtree_model_param":{"num_parallel_tree":"1","num_trees":"2"},"iteration_indptr":[0,1,2],"tree_info":[0,0],"trees":[{"base_weights":[-4.257475E-9,1.7215557E-1,-2.3241004E-1,-4.4468987E-1,3.801607E-1,-1.71059E-1,8.60058E-3,-4.578849E-2,7.053461E-1,1.3809688E-1,-3.4029764E-1,1.5397088E-1,3.6546862E-1,-4.3087676E-2,-1.2706116E-1,9.026228E-2,-4.4256132E-2,-2.927743E-2,9.3621705E-3],"categories":[],"categories_nodes":[],"categories_segments":[],"categories_sizes":[],"default_left":[0,0,0,0,0,0,0,0,0,0,0,0,0,0,0,0,0,0,0],"id":0,"left_children":[1,3,-1,5,7,-1,-1,9,11,-1,13,15,-1,-1,-1,-1,17,-1,-1],"loss_changes":[2.9341168E0,2.47858E0,0E0,3.133952E-1,1.9714713E0,0E0,0E0,1.200028E0,2.0747538E0,0E0,2.102369E-2,1.5891662E-1,0E0,0E0,0E0,0E0,1.5120143E-2,0E0,0E0],"parents":[2147483647,0,0,1,1,3,3,4,4,7,7,8,8,10,10,11,11,16,16],"right_children":[2,4,-1,6,8,-1,-1,10,12,-1,14,16,-1,-1,-1,-1,18,-1,-1],"split_conditions":[8.694532E-1,-8.421601E-1,-2.3241004E-1,2.208303E-1,9.250895E-2,-1.71059E-1,8.60058E-3,-9.568755E-1,-2.3926066E-1,1.3809688E-1,-3.2421827E-1,4.9365237E-1,3.6546862E-1,-4.3087676E-2,-1.2706116E-1,9.026228E-2,6.554371E-1,-2.927743E-2,9.3621705E-3],"split_indices":[10,7,0,0,0,0,0,4,5,0,1,4,0,0,0,0,0,0,0],"split_type":[0,0,0,0,0,0,0,0,0,0,0,0,0,0,0,0,0,0,0],"sum_hessian":[2E1,1.7E1,3E0,4E0,1.3E1,3E0,1E0,6E0,7E0,2E0,4E0,4E0,3E0,2E0,2E0,2E0,2E0,1E0,1E0],"tree_param":{"num_deleted":"0","num_feature":"12","num_nodes":"19","size_leaf_vector":"1"}},{"base_weights":[4.235875E-4,1.3391475E-1,-1.8011779E-1,-3.437746E-1,2.9495275E-1,-1.3257071E-1,7.3104906E-3,-3.663078E-2,5.4821926E-1,1.104775E-1,-2.722381E-1,1.2184904E-1,2.8323817E-1,-3.447014E-2,-1.0164891E-1,7.220983E-2,-3.7617702E-2,-2.4885813E-2,7.957846E-3],"categories":[],"categories_nodes":[],"categories_segments":[],"categories_sizes":[],"default_left":[0,0,0,0,0,0,0,0,0,0,0,0,0,0,0,0,0,0,0],"id":1,"left_children":[1,3,-1,5,7,-1,-1,9,11,-1,13,15,-1,-1,-1,-1,17,-1,-1],"loss_changes":[1.7646781E0,1.4860677E0,0E0,1.9139361E-1,1.1957878E0,0E0,0E0,7.680178E-1,1.2353859E0,0E0,1.3455182E-2,1.0381799E-1,0E0,0E0,0E0,0E0,1.0924303E-2,0E0,0E0],"parents":[2147483647,0,0,1,1,3,3,4,4,7,7,8,8,10,10,11,11,16,16],"right_children":[2,4,-1,6,8,-1,-1,10,12,-1,14,16,-1,-1,-1,-1,18,-1,-1],"split_conditions":[8.694532E-1,-8.421601E-1,-1.8011779E-1,2.208303E-1,9.250895E-2,-1.3257071E-1,7.3104906E-3,-9.568755E-1,-2.3926066E-1,1.104775E-1,-3.2421827E-1,4.9365237E-1,2.8323817E-1,-3.447014E-2,-1.0164891E-1,7.220983E-2,6.554371E-1,-2.4885813E-2,7.957846E-3],"split_indices":[10,7,0,0,0,0,0,4,5,0,1,4,0,0,0,0,0,0,0],"split_type":[0,0,0,0,0,0,0,0,0,0,0,0,0,0,0,0,0,0,0],"sum_hessian":[2E1,1.7E1,3E0,4E0,1.3E1,3E0,1E0,6E0,7E0,2E0,4E0,4E0,3E0,2E0,2E0,2E0,2E0,1E0,1E0],"tree_param":{"num_deleted":"0","num_feature":"12","num_nodes":"19","size_leaf_vector":"1"}}]},"name":"gbtree"},"learner_model_param":{"base_score":"[3.0326262E-1]","boost_from_average":"1","num_class":"0","num_feature":"12","num_target":"1"},"objective":{"name":"reg:squarederror","reg_loss_param":{"scale_pos_weight":"1"}}},"version":[3,2,0]}